file,class,method,constructor,line,cbo,cboModified,fanin,fanout,wmc,rfc,loc,returnsQty,variablesQty,parametersQty,methodsInvokedQty,methodsInvokedLocalQty,methodsInvokedIndirectLocalQty,loopQty,comparisonsQty,tryCatchQty,parenthesizedExpsQty,stringLiteralsQty,numbersQty,assignmentsQty,mathOperationsQty,maxNestedBlocksQty,anonymousClassesQty,innerClassesQty,lambdasQty,uniqueWordsQty,modifiers,logStatementsQty,hasJavaDoc
C:\Users\MYPC\ApiTestWithKibanaLiveReportingFramework-master\ApiTestWithKibanaLiveReportingFramework-master\src\main\java\com\Tests\ApiTest\BaseConfiguration.java,com.Tests.ApiTest.BaseConfiguration,userTestDataProvider/1[java.lang.reflect.Method],false,22,4,2,0,2,1,6,5,1,2,1,6,0,0,0,0,0,0,2,0,2,1,0,0,0,0,15,1,0,false
C:\Users\MYPC\ApiTestWithKibanaLiveReportingFramework-master\ApiTestWithKibanaLiveReportingFramework-master\src\main\java\com\Tests\ApiTest\BaseConfiguration.java,com.Tests.ApiTest.BaseConfiguration,loadData/0,false,29,2,1,0,1,2,2,8,0,0,0,2,0,0,0,0,1,0,0,0,0,0,1,0,0,0,4,1,0,false
C:\Users\MYPC\ApiTestWithKibanaLiveReportingFramework-master\ApiTestWithKibanaLiveReportingFramework-master\src\main\java\com\Tests\ApiTest\BaseConfiguration.java,com.Tests.ApiTest.BaseConfiguration,createFailedCaseList/1[com.Tests.ApiTest.ITestResult],false,38,2,0,0,0,2,1,4,0,0,1,1,0,0,0,1,0,0,0,0,0,0,1,0,0,0,8,1,0,false
C:\Users\MYPC\ApiTestWithKibanaLiveReportingFramework-master\ApiTestWithKibanaLiveReportingFramework-master\src\main\java\com\Tests\ApiTest\SampleApi.java,com.Tests.ApiTest.SampleApi,usertest/1[com.Tests.ApiTest.JSONArray],false,22,3,1,0,1,1,0,3,0,1,1,0,0,0,0,0,0,0,1,0,1,0,0,0,0,0,11,1,0,false
C:\Users\MYPC\ApiTestWithKibanaLiveReportingFramework-master\ApiTestWithKibanaLiveReportingFramework-master\src\main\java\com\Tests\ApiTest\SampleApi.java,com.Tests.ApiTest.SampleApi,authTest/1[com.Tests.ApiTest.JSONArray],false,14,6,6,0,6,1,7,6,0,2,1,7,0,0,0,0,0,0,2,0,2,0,0,0,0,0,14,1,0,false
C:\Users\MYPC\ApiTestWithKibanaLiveReportingFramework-master\ApiTestWithKibanaLiveReportingFramework-master\src\main\java\com\Utilities\ConfigParser.java,com.Utilities.ConfigParser,getConfigParser/0,false,26,1,1,0,1,2,0,9,2,0,0,0,0,0,0,1,0,0,0,0,1,0,1,0,0,0,5,9,0,false
C:\Users\MYPC\ApiTestWithKibanaLiveReportingFramework-master\ApiTestWithKibanaLiveReportingFramework-master\src\main\java\com\Utilities\ConfigParser.java,com.Utilities.ConfigParser,ConfigParser/0,true,15,0,1,1,0,1,2,6,0,0,0,2,0,0,0,0,0,0,8,0,0,0,0,0,0,0,2,2,0,false
C:\Users\MYPC\ApiTestWithKibanaLiveReportingFramework-master\ApiTestWithKibanaLiveReportingFramework-master\src\main\java\com\Utilities\ExecutionListener.java,com.Utilities.ExecutionListener,onFinish/1[com.Utilities.ITestContext],false,38,1,0,0,0,1,0,2,0,0,1,0,0,0,0,0,0,0,0,0,0,0,0,0,0,0,6,1,0,false
C:\Users\MYPC\ApiTestWithKibanaLiveReportingFramework-master\ApiTestWithKibanaLiveReportingFramework-master\src\main\java\com\Utilities\ExecutionListener.java,com.Utilities.ExecutionListener,onTestSkipped/1[com.Utilities.ITestResult],false,26,1,0,0,0,1,0,2,0,0,1,0,0,0,0,0,0,0,0,0,0,0,0,0,0,0,6,1,0,false
C:\Users\MYPC\ApiTestWithKibanaLiveReportingFramework-master\ApiTestWithKibanaLiveReportingFramework-master\src\main\java\com\Utilities\ExecutionListener.java,com.Utilities.ExecutionListener,onTestSuccess/1[com.Utilities.ITestResult],false,18,1,0,0,0,1,0,2,0,0,1,0,0,0,0,0,0,0,0,0,0,0,0,0,0,0,6,1,0,false
C:\Users\MYPC\ApiTestWithKibanaLiveReportingFramework-master\ApiTestWithKibanaLiveReportingFramework-master\src\main\java\com\Utilities\ExecutionListener.java,com.Utilities.ExecutionListener,"sendStatus/2[com.Utilities.ITestResult,java.lang.String]",false,42,3,5,0,5,1,11,7,0,0,2,11,0,0,0,0,0,0,0,0,0,0,0,0,0,0,6,2,0,false
C:\Users\MYPC\ApiTestWithKibanaLiveReportingFramework-master\ApiTestWithKibanaLiveReportingFramework-master\src\main\java\com\Utilities\ExecutionListener.java,com.Utilities.ExecutionListener,onTestStart/1[com.Utilities.ITestResult],false,14,1,0,0,0,1,0,2,0,0,1,0,0,0,0,0,0,0,0,0,0,0,0,0,0,0,6,1,0,false
C:\Users\MYPC\ApiTestWithKibanaLiveReportingFramework-master\ApiTestWithKibanaLiveReportingFramework-master\src\main\java\com\Utilities\ExecutionListener.java,com.Utilities.ExecutionListener,onStart/1[com.Utilities.ITestContext],false,34,1,0,0,0,1,0,2,0,0,1,0,0,0,0,0,0,0,0,0,0,0,0,0,0,0,6,1,0,false
C:\Users\MYPC\ApiTestWithKibanaLiveReportingFramework-master\ApiTestWithKibanaLiveReportingFramework-master\src\main\java\com\Utilities\ExecutionListener.java,com.Utilities.ExecutionListener,onTestFailedButWithinSuccessPercentage/1[com.Utilities.ITestResult],false,30,1,0,0,0,1,0,2,0,0,1,0,0,0,0,0,0,0,0,0,0,0,0,0,0,0,10,1,0,false
C:\Users\MYPC\ApiTestWithKibanaLiveReportingFramework-master\ApiTestWithKibanaLiveReportingFramework-master\src\main\java\com\Utilities\ExecutionListener.java,com.Utilities.ExecutionListener,onTestFailure/1[com.Utilities.ITestResult],false,22,1,0,0,0,1,0,2,0,0,1,0,0,0,0,0,0,0,0,0,0,0,0,0,0,0,6,1,0,false
C:\Users\MYPC\ApiTestWithKibanaLiveReportingFramework-master\ApiTestWithKibanaLiveReportingFramework-master\src\main\java\com\Utilities\ResultSender.java,com.Utilities.ResultSender,send/1[com.Utilities.TestStatus],false,15,1,1,1,0,2,6,8,0,0,1,6,0,0,0,0,1,0,0,0,0,0,1,0,0,0,17,9,0,false
C:\Users\MYPC\ApiTestWithKibanaLiveReportingFramework-master\ApiTestWithKibanaLiveReportingFramework-master\src\main\java\com\DataObjects\SampleObject.java,com.DataObjects.SampleObject,getId/0,false,18,0,0,0,0,1,0,3,1,0,0,0,0,0,0,0,0,0,0,0,0,0,0,0,0,0,3,1,0,false
C:\Users\MYPC\ApiTestWithKibanaLiveReportingFramework-master\ApiTestWithKibanaLiveReportingFramework-master\src\main\java\com\DataObjects\SampleObject.java,com.DataObjects.SampleObject,setId/1[java.lang.String],false,22,0,0,0,0,1,0,3,0,0,1,0,0,0,0,0,0,0,0,0,1,0,0,0,0,0,3,1,0,false
C:\Users\MYPC\ApiTestWithKibanaLiveReportingFramework-master\ApiTestWithKibanaLiveReportingFramework-master\src\main\java\com\DataObjects\SampleObject.java,com.DataObjects.SampleObject,getName/0,false,26,0,0,0,0,1,0,3,1,0,0,0,0,0,0,0,0,0,0,0,0,0,0,0,0,0,3,1,0,false
C:\Users\MYPC\ApiTestWithKibanaLiveReportingFramework-master\ApiTestWithKibanaLiveReportingFramework-master\src\main\java\com\DataObjects\SampleObject.java,com.DataObjects.SampleObject,setName/1[java.lang.String],false,30,0,0,0,0,1,0,3,0,0,1,0,0,0,0,0,0,0,0,0,1,0,0,0,0,0,3,1,0,false
C:\Users\MYPC\ApiTestWithKibanaLiveReportingFramework-master\ApiTestWithKibanaLiveReportingFramework-master\src\main\java\com\DataObjects\SampleObject.java,com.DataObjects.SampleObject,getAddress/0,false,34,0,0,0,0,1,0,3,1,0,0,0,0,0,0,0,0,0,0,0,0,0,0,0,0,0,3,1,0,false
C:\Users\MYPC\ApiTestWithKibanaLiveReportingFramework-master\ApiTestWithKibanaLiveReportingFramework-master\src\main\java\com\DataObjects\SampleObject.java,com.DataObjects.SampleObject,setAddress/1[java.lang.String],false,38,0,0,0,0,1,0,3,0,0,1,0,0,0,0,0,0,0,0,0,1,0,0,0,0,0,3,1,0,false
C:\Users\MYPC\ApiTestWithKibanaLiveReportingFramework-master\ApiTestWithKibanaLiveReportingFramework-master\src\main\java\com\DataObjects\SampleObject.java,com.DataObjects.SampleObject,getPermanentAddress/0,false,10,1,0,0,0,1,0,3,1,0,0,0,0,0,0,0,0,0,0,0,0,0,0,0,0,0,4,1,0,false
C:\Users\MYPC\ApiTestWithKibanaLiveReportingFramework-master\ApiTestWithKibanaLiveReportingFramework-master\src\main\java\com\DataObjects\SampleObject.java,com.DataObjects.SampleObject,setPermanentAddress/1[com.DataObjects.PermanentAddress],false,14,1,0,0,0,1,0,3,0,0,1,0,0,0,0,0,0,0,0,0,1,0,0,0,0,0,4,1,0,false
C:\Users\MYPC\ApiTestWithKibanaLiveReportingFramework-master\ApiTestWithKibanaLiveReportingFramework-master\src\main\java\com\Utilities\DataPool.java,com.Utilities.DataPool,getAccessToken/0,false,22,0,0,0,0,1,0,3,1,0,0,0,0,0,0,0,0,0,0,0,0,0,0,0,0,0,4,1,0,false
C:\Users\MYPC\ApiTestWithKibanaLiveReportingFramework-master\ApiTestWithKibanaLiveReportingFramework-master\src\main\java\com\Utilities\DataPool.java,com.Utilities.DataPool,"setTestDataPool/1[java.util.HashMap<java.lang.Object,com.Utilities.JSONArray>]",false,18,1,1,1,0,1,0,3,0,0,1,0,0,0,0,0,0,0,0,0,1,0,0,0,0,0,5,1,0,false
C:\Users\MYPC\ApiTestWithKibanaLiveReportingFramework-master\ApiTestWithKibanaLiveReportingFramework-master\src\main\java\com\Utilities\DataPool.java,com.Utilities.DataPool,getTestDataPool/0,false,14,1,1,1,0,1,0,3,1,0,0,0,0,0,0,0,0,0,0,0,0,0,0,0,0,0,5,1,0,false
C:\Users\MYPC\ApiTestWithKibanaLiveReportingFramework-master\ApiTestWithKibanaLiveReportingFramework-master\src\main\java\com\Utilities\DataPool.java,com.Utilities.DataPool,setAccessToken/1[java.lang.String],false,26,0,1,1,0,1,0,3,0,0,1,0,0,0,0,0,0,0,0,0,1,0,0,0,0,0,4,1,0,false
C:\Users\MYPC\ApiTestWithKibanaLiveReportingFramework-master\ApiTestWithKibanaLiveReportingFramework-master\src\main\java\com\Utilities\DataPool.java,com.Utilities.DataPool,getDataPool/0,false,33,1,1,0,1,2,0,6,1,0,0,0,0,0,0,1,0,0,0,0,1,0,1,0,0,0,5,9,0,false
C:\Users\MYPC\ApiTestWithKibanaLiveReportingFramework-master\ApiTestWithKibanaLiveReportingFramework-master\src\main\java\com\Utilities\TestStatus.java,com.Utilities.TestStatus,setStatus/1[java.lang.String],false,27,0,1,1,0,1,0,3,0,0,1,0,0,0,0,0,0,0,0,0,1,0,0,0,0,0,3,1,0,false
C:\Users\MYPC\ApiTestWithKibanaLiveReportingFramework-master\ApiTestWithKibanaLiveReportingFramework-master\src\main\java\com\Utilities\TestStatus.java,com.Utilities.TestStatus,setTestClass/1[java.lang.String],false,31,0,1,1,0,1,0,3,0,0,1,0,0,0,0,0,0,0,0,0,1,0,0,0,0,0,4,1,0,false
C:\Users\MYPC\ApiTestWithKibanaLiveReportingFramework-master\ApiTestWithKibanaLiveReportingFramework-master\src\main\java\com\Utilities\TestStatus.java,com.Utilities.TestStatus,setExecutionDate/1[java.lang.String],false,23,0,1,1,0,1,0,3,0,0,1,0,0,0,0,0,0,0,0,0,1,0,0,0,0,0,5,1,0,false
C:\Users\MYPC\ApiTestWithKibanaLiveReportingFramework-master\ApiTestWithKibanaLiveReportingFramework-master\src\main\java\com\Utilities\TestStatus.java,com.Utilities.TestStatus,setDescription/1[java.lang.String],false,19,0,1,1,0,1,0,3,0,0,1,0,0,0,0,0,0,0,0,0,1,0,0,0,0,0,3,1,0,false
C:\Users\MYPC\ApiTestWithKibanaLiveReportingFramework-master\ApiTestWithKibanaLiveReportingFramework-master\src\main\java\com\Tests\ApiTest\SampleTest2.java,com.Tests.ApiTest.SampleTest2,userTest2/1[com.Tests.ApiTest.JSONArray],false,12,3,1,0,1,1,0,3,0,1,1,0,0,0,0,0,0,0,1,0,1,0,0,0,0,0,12,1,0,false
C:\Users\MYPC\ApiTestWithKibanaLiveReportingFramework-master\ApiTestWithKibanaLiveReportingFramework-master\src\main\java\com\Utilities\DataLoader.java,com.Utilities.DataLoader,getOutputStatusCode/0,false,49,0,0,0,0,1,0,3,1,0,0,0,0,0,0,0,0,0,0,0,0,0,0,0,0,0,5,1,0,false
C:\Users\MYPC\ApiTestWithKibanaLiveReportingFramework-master\ApiTestWithKibanaLiveReportingFramework-master\src\main\java\com\Utilities\DataLoader.java,com.Utilities.DataLoader,"setTestParameter/1[java.util.HashMap<java.lang.String,java.lang.String>]",false,45,0,0,0,0,1,0,3,0,0,1,0,0,0,0,0,0,0,0,0,1,0,0,0,0,0,4,1,0,false
C:\Users\MYPC\ApiTestWithKibanaLiveReportingFramework-master\ApiTestWithKibanaLiveReportingFramework-master\src\main\java\com\Utilities\DataLoader.java,com.Utilities.DataLoader,setMethod/1[java.lang.String],false,29,0,1,1,0,1,0,3,0,0,1,0,0,0,0,0,0,0,0,0,1,0,0,0,0,0,3,1,0,false
C:\Users\MYPC\ApiTestWithKibanaLiveReportingFramework-master\ApiTestWithKibanaLiveReportingFramework-master\src\main\java\com\Utilities\DataLoader.java,com.Utilities.DataLoader,getPayload/0,false,33,0,1,1,0,1,0,3,1,0,0,0,0,0,0,0,0,0,0,0,0,0,0,0,0,0,3,1,0,false
C:\Users\MYPC\ApiTestWithKibanaLiveReportingFramework-master\ApiTestWithKibanaLiveReportingFramework-master\src\main\java\com\Utilities\DataLoader.java,com.Utilities.DataLoader,getExpectedResponse/0,false,57,0,0,0,0,1,0,3,1,0,0,0,0,0,0,0,0,0,0,0,0,0,0,0,0,0,4,1,0,false
C:\Users\MYPC\ApiTestWithKibanaLiveReportingFramework-master\ApiTestWithKibanaLiveReportingFramework-master\src\main\java\com\Utilities\DataLoader.java,com.Utilities.DataLoader,getUrl/0,false,17,0,1,1,0,1,0,3,1,0,0,0,0,0,0,0,0,0,0,0,0,0,0,0,0,0,3,1,0,false
C:\Users\MYPC\ApiTestWithKibanaLiveReportingFramework-master\ApiTestWithKibanaLiveReportingFramework-master\src\main\java\com\Utilities\DataLoader.java,com.Utilities.DataLoader,DataLoader/1[com.Utilities.JSONArray],true,66,3,8,3,5,1,8,12,0,2,1,8,5,1,0,0,0,2,7,2,4,0,0,0,0,0,20,1,0,false
C:\Users\MYPC\ApiTestWithKibanaLiveReportingFramework-master\ApiTestWithKibanaLiveReportingFramework-master\src\main\java\com\Utilities\DataLoader.java,com.Utilities.DataLoader,setUrl/1[java.lang.String],false,21,0,1,1,0,1,0,3,0,0,1,0,0,0,0,0,0,0,0,0,1,0,0,0,0,0,3,1,0,false
C:\Users\MYPC\ApiTestWithKibanaLiveReportingFramework-master\ApiTestWithKibanaLiveReportingFramework-master\src\main\java\com\Utilities\DataLoader.java,com.Utilities.DataLoader,getTestParameter/0,false,41,0,0,0,0,1,0,3,1,0,0,0,0,0,0,0,0,0,0,0,0,0,0,0,0,0,4,1,0,false
C:\Users\MYPC\ApiTestWithKibanaLiveReportingFramework-master\ApiTestWithKibanaLiveReportingFramework-master\src\main\java\com\Utilities\DataLoader.java,com.Utilities.DataLoader,setOutputStatusCode/1[java.lang.String],false,53,0,1,1,0,1,0,3,0,0,1,0,0,0,0,0,0,0,0,0,1,0,0,0,0,0,5,1,0,false
C:\Users\MYPC\ApiTestWithKibanaLiveReportingFramework-master\ApiTestWithKibanaLiveReportingFramework-master\src\main\java\com\Utilities\DataLoader.java,com.Utilities.DataLoader,setExpectedResponse/1[java.lang.String],false,61,0,1,1,0,1,0,3,0,0,1,0,0,0,0,0,0,0,0,0,1,0,0,0,0,0,4,1,0,false
C:\Users\MYPC\ApiTestWithKibanaLiveReportingFramework-master\ApiTestWithKibanaLiveReportingFramework-master\src\main\java\com\Utilities\DataLoader.java,com.Utilities.DataLoader,setPayload/1[java.lang.String],false,37,0,1,1,0,1,0,3,0,0,1,0,0,0,0,0,0,0,0,0,1,0,0,0,0,0,3,1,0,false
C:\Users\MYPC\ApiTestWithKibanaLiveReportingFramework-master\ApiTestWithKibanaLiveReportingFramework-master\src\main\java\com\Utilities\DataLoader.java,com.Utilities.DataLoader,getMethod/0,false,25,0,1,1,0,1,0,3,1,0,0,0,0,0,0,0,0,0,0,0,0,0,0,0,0,0,3,1,0,false
C:\Users\MYPC\ApiTestWithKibanaLiveReportingFramework-master\ApiTestWithKibanaLiveReportingFramework-master\src\main\java\com\Utilities\Helper.java,com.Utilities.Helper,"sendApiRequest/4[java.lang.String,java.lang.String,java.lang.String,java.lang.String]",false,63,2,1,1,0,3,10,12,1,2,4,10,0,0,0,2,0,0,2,0,5,0,1,0,0,0,12,1,0,false
C:\Users\MYPC\ApiTestWithKibanaLiveReportingFramework-master\ApiTestWithKibanaLiveReportingFramework-master\src\main\java\com\Utilities\Helper.java,com.Utilities.Helper,testNgProvider/1[com.Utilities.JSONArray],false,49,1,1,1,0,2,1,8,1,2,1,1,0,0,1,0,0,0,0,3,4,0,1,0,0,0,12,1,0,false
C:\Users\MYPC\ApiTestWithKibanaLiveReportingFramework-master\ApiTestWithKibanaLiveReportingFramework-master\src\main\java\com\Utilities\Helper.java,com.Utilities.Helper,loadTestData/0,false,22,4,2,1,1,4,11,27,0,11,0,11,0,0,1,0,1,0,2,0,7,0,3,0,0,2,30,1,0,false
C:\Users\MYPC\ApiTestWithKibanaLiveReportingFramework-master\ApiTestWithKibanaLiveReportingFramework-master\src\main\java\com\Utilities\Helper.java,com.Utilities.Helper,authenticationOAuth/0,false,58,2,0,0,0,1,9,4,0,2,0,9,0,0,0,0,0,0,6,0,2,0,0,0,0,0,9,1,0,false
